0031-0001	98132	98362
0031-0002	98648	98714
0031-0003	98918	99205
0031-0004	104742	104804
0031-0005	119879	120687
0031-0006	121451	121749
0031-0007	122835	125260
0031-0008	130018	130295
0031-0009	138159	138688
0031-0010	139236	139479
0031-0011	178852	179220
0031-0012	180814	181582
0031-0013	183826	185488
0031-0014	189149	189705
0031-0015	210496	210641
0031-0016	212831	213004
0031-0017	214591	215157
0031-0018	216987	217110
0031-0019	219074	219989
0031-0020	246907	247523
0031-0021	247645	248839
0031-0022	255405	255563
0031-0023	255716	256136
0031-0024	262865	263222
0031-0025	263417	263685
0031-0026	263837	263931
0031-0027	264707	265093
0031-0028	265510	266227
0031-0029	265512	266227
0031-0030	266797	267041
0031-0031	266809	267100
0031-0032	267239	267823
0031-0033	267242	267837
0031-0034	269068	271828
0031-0035	269089	271817
0031-0036	272241	273018
0031-0037	272248	272940
0031-0038	273550	274787
0031-0039	273557	274785
0031-0040	275040	275190
0031-0041	275054	275181
0031-0042	276439	276530
0031-0043	276443	276533
0031-0044	276785	276899
0031-0045	277672	278780
0031-0046	284345	285235
0031-0047	285948	286400
0031-0048	287427	287549
0031-0049	290431	291957
0031-0050	297380	297867
0031-0051	298369	298501
0031-0052	299183	299342
0031-0053	300814	301465
0031-0054	302548	303456
0031-0055	310706	310821
0031-0056	311191	311277
0031-0057	311617	311845
0031-0058	312390	312653
0031-0059	312885	313312
0031-0060	314392	314830
0031-0061	315485	316088
0031-0062	316941	317079
0031-0063	317267	317470
0031-0064	317922	318591
0031-0065	319367	320650
0031-0066	323064	323251
0031-0067	324043	325424
0031-0068	330419	330554
0031-0069	336839	337868
0031-0070	338173	338253
0028-0001	206356	206566
0028-0002	332855	333096
0028-0003	334684	334823
0028-0004	334703	334830
0028-0005	334952	335111
0028-0006	334985	335118
0028-0007	335409	335502
0028-0008	335417	335498
0028-0009	336150	336275
0028-0010	336153	336285
0028-0011	351043	351222
0028-0012	351492	351979
0028-0013	352251	352362
0028-0014	367693	367772
0028-0015	368392	368661
0028-0016	368870	369239
0028-0017	369806	370391
0028-0018	378568	378697
0028-0019	380217	380420
0028-0020	380684	381063
0028-0021	381308	381433
0028-0022	382451	382673
0028-0023	382852	382994
0028-0024	383118	383271
0028-0025	383469	384011
0028-0026	390789	390931
0028-0027	391393	391488
0028-0028	391735	391857
0028-0029	392373	392739
0028-0030	393076	393192
0028-0031	393369	393852
0028-0032	394378	394812
0028-0033	395218	395557
0028-0034	395776	396090
0028-0035	406958	407096
0028-0036	407916	408289
0028-0037	420439	420645
0028-0038	421069	421395
0028-0039	422648	422800
0028-0040	423431	423638
0028-0041	424023	424210
0028-0042	425305	425709
0028-0043	426790	427172
0028-0044	428136	428398
0028-0045	429297	429555
0028-0046	431202	431490
0028-0047	431658	432218
0028-0048	432760	433039
0028-0049	434989	435450
0028-0050	436605	436908
0028-0051	436636	436895
0028-0052	437187	437443
0028-0053	437259	437437
0028-0054	439461	440094
0028-0055	441663	441770
0028-0056	441903	442311
0028-0057	444555	444642
0028-0058	445473	445659
0028-0059	448923	449469
0028-0060	450545	451214
0028-0061	462470	462744
0028-0062	465794	466040
0028-0063	466308	466576
0028-0064	466955	467921
0028-0065	477563	477950
0028-0066	478224	478897
0028-0067	489288	489857
0028-0068	490377	490596
0028-0069	491267	491697
0028-0070	504055	504679
0028-0071	505080	505766
0028-0072	509937	510289
0028-0073	510414	510776
0028-0074	511153	511667
0028-0075	515269	515369
0028-0076	515686	516391
0028-0077	520321	520528
0028-0078	520984	521523
0028-0079	525647	526511
0028-0080	535485	535625
0028-0081	536008	536298
0028-0082	536431	536691
0028-0083	545340	545814
0028-0084	547783	548078
0028-0085	559441	559547
0028-0086	562503	562872
0028-0087	578997	579125
0028-0088	592270	592424
0028-0089	619300	619397
0028-0090	713003	713289
0028-0091	713035	713330