feature,standardized_coefficient
Nose_max_trailing30,2.0357265
bend_max_trailing30,1.9220012
Nose_mean_trailing30,1.8342432
centroid_distance_px_max,1.705442
track_count_trailing30,1.4669309
rel_heading_rad_cos_min,1.3701601
TailTip_mean_trailing30,1.2331916
dist_nose1_spine4of2_px_max,1.195567
bearing_2_rad_sin_min,1.1536124
dist_nose1_nose2_px_min,1.0903376
centroid_distance_px_min,1.0432897
Peduncle_mean_trailing30,0.9531488
rel_heading_rad_sin_mean,0.8324351
Spine2_mean,0.6987261
orbital_rad_sin_min,0.691141
dist_nose2_tailtip1_px_max,0.6730592
bearing_1_rad_cos_mean,0.6452888
TailTip_max_trailing30,0.6035542
Nose_max,0.55003375
dist_nose1_nose2_px_max,0.5095188
orbital_rad_sin_max,0.4950107
Peduncle_max_trailing30,0.47497764
Head_mean,0.47465667
rel_heading_rad_cos_max,0.47284585
Spine4_max,0.46547017
d_heading_2_rad_s_mean,0.45911014
d_heading_1_rad_s_min,0.3905384
turn_max_trailing30,0.32724115
TailTip_max,0.32255605
TailTip_mean,0.26495317
Nose_mean,0.26273984
track_count,0.24951206
orbital_rad_cos_max,0.23782142
Spine2_mean_trailing30,0.22641326
d_orbital_rad_s_mean,0.22388569
dist_nose1_nose2_px_mean,0.19888657
bearing_1_rad_cos_max,0.12103888
bend_mean,0.11251698
d_orbital_rad_s_max,0.09788554
d_heading_1_rad_s_max,0.096800335
bearing_2_rad_cos_max,0.08938887
bearing_1_rad_sin_min,0.07820459
bearing_2_rad_cos_mean,0.074256204
Spine2_max_trailing30,0.07082119
Head_max,0.06711019
bearing_2_rad_cos_min,0.054105245
turn_max,0.05120763
bearing_1_rad_sin_max,0.045715146
turn_mean,0.04182758
Spine4_max_trailing30,0.031858068
missingindicator_centroid_distance_px_mean,-0.015132731
missingindicator_centroid_distance_px_min,-0.015132731
missingindicator_centroid_distance_px_max,-0.015132731
missingindicator_dist_nose1_nose2_px_mean,-0.015132731
missingindicator_dist_nose1_nose2_px_min,-0.015132731
missingindicator_dist_nose1_nose2_px_max,-0.015132731
missingindicator_dist_nose1_tailtip2_px_mean,-0.015132731
missingindicator_dist_nose1_tailtip2_px_min,-0.015132731
missingindicator_dist_nose1_tailtip2_px_max,-0.015132731
missingindicator_dist_nose2_tailtip1_px_mean,-0.015132731
missingindicator_dist_nose2_tailtip1_px_min,-0.015132731
missingindicator_dist_nose2_tailtip1_px_max,-0.015132731
missingindicator_dist_nose1_spine4of2_px_mean,-0.015132731
missingindicator_dist_nose1_spine4of2_px_min,-0.015132731
missingindicator_dist_nose1_spine4of2_px_max,-0.015132731
missingindicator_dist_nose2_spine4of1_px_mean,-0.015132731
missingindicator_dist_nose2_spine4of1_px_min,-0.015132731
missingindicator_dist_nose2_spine4of1_px_max,-0.015132731
missingindicator_orbital_rad_sin_mean,-0.015132731
missingindicator_orbital_rad_sin_min,-0.015132731
missingindicator_orbital_rad_sin_max,-0.015132731
missingindicator_orbital_rad_cos_mean,-0.015132731
missingindicator_orbital_rad_cos_min,-0.015132731
missingindicator_orbital_rad_cos_max,-0.015132731
missingindicator_rel_heading_rad_sin_mean,-0.015132731
missingindicator_rel_heading_rad_sin_min,-0.015132731
missingindicator_rel_heading_rad_sin_max,-0.015132731
missingindicator_rel_heading_rad_cos_mean,-0.015132731
missingindicator_rel_heading_rad_cos_min,-0.015132731
missingindicator_rel_heading_rad_cos_max,-0.015132731
missingindicator_bearing_1_rad_sin_mean,-0.015132731
missingindicator_bearing_1_rad_sin_min,-0.015132731
missingindicator_bearing_1_rad_sin_max,-0.015132731
missingindicator_bearing_1_rad_cos_mean,-0.015132731
missingindicator_bearing_1_rad_cos_min,-0.015132731
missingindicator_bearing_1_rad_cos_max,-0.015132731
missingindicator_bearing_2_rad_sin_mean,-0.015132731
missingindicator_bearing_2_rad_sin_min,-0.015132731
missingindicator_bearing_2_rad_sin_max,-0.015132731
missingindicator_bearing_2_rad_cos_mean,-0.015132731
missingindicator_bearing_2_rad_cos_min,-0.015132731
missingindicator_bearing_2_rad_cos_max,-0.015132731
missingindicator_bend_mean_trailing30,-0.017958477
missingindicator_bend_max_trailing30,-0.017958477
missingindicator_Nose_mean_trailing30,-0.03529873
missingindicator_Nose_max_trailing30,-0.03529873
missingindicator_LeftEye_mean_trailing30,-0.03529873
missingindicator_LeftEye_max_trailing30,-0.03529873
missingindicator_RightEye_mean_trailing30,-0.03529873
missingindicator_RightEye_max_trailing30,-0.03529873
missingindicator_Head_mean_trailing30,-0.03529873
missingindicator_Head_max_trailing30,-0.03529873
missingindicator_Spine1_mean_trailing30,-0.03529873
missingindicator_Spine1_max_trailing30,-0.03529873
missingindicator_Spine2_mean_trailing30,-0.03529873
missingindicator_Spine2_max_trailing30,-0.03529873
missingindicator_Spine3_mean_trailing30,-0.03529873
missingindicator_Spine3_max_trailing30,-0.03529873
missingindicator_Spine4_mean_trailing30,-0.03529873
missingindicator_Spine4_max_trailing30,-0.03529873
missingindicator_Peduncle_mean_trailing30,-0.03529873
missingindicator_Peduncle_max_trailing30,-0.03529873
missingindicator_TailTip_mean_trailing30,-0.03529873
missingindicator_TailTip_max_trailing30,-0.03529873
missingindicator_turn_mean_trailing30,-0.03529873
missingindicator_turn_max_trailing30,-0.03529873
missingindicator_Nose_mean,-0.041240823
missingindicator_Nose_max,-0.041240823
missingindicator_LeftEye_mean,-0.041240823
missingindicator_LeftEye_max,-0.041240823
missingindicator_RightEye_mean,-0.041240823
missingindicator_RightEye_max,-0.041240823
missingindicator_Head_mean,-0.041240823
missingindicator_Head_max,-0.041240823
missingindicator_Spine1_mean,-0.041240823
missingindicator_Spine1_max,-0.041240823
missingindicator_Spine2_mean,-0.041240823
missingindicator_Spine2_max,-0.041240823
missingindicator_Spine3_mean,-0.041240823
missingindicator_Spine3_max,-0.041240823
missingindicator_Spine4_mean,-0.041240823
missingindicator_Spine4_max,-0.041240823
missingindicator_Peduncle_mean,-0.041240823
missingindicator_Peduncle_max,-0.041240823
missingindicator_TailTip_mean,-0.041240823
missingindicator_TailTip_max,-0.041240823
missingindicator_turn_mean,-0.041240823
missingindicator_turn_max,-0.041240823
missingindicator_d_heading_2_rad_s_mean,-0.047519825
missingindicator_d_heading_2_rad_s_min,-0.047519825
missingindicator_d_heading_2_rad_s_max,-0.047519825
Spine1_mean,-0.0653654
orbital_rad_cos_min,-0.06910406
LeftEye_mean,-0.08958757
Spine4_mean,-0.08995822
Spine3_mean,-0.101936005
Peduncle_max,-0.118601605
Spine4_mean_trailing30,-0.1231068
RightEye_max,-0.12870969
Spine1_max_trailing30,-0.13682988
bend_max,-0.14359665
orbital_rad_cos_mean,-0.16412291
Spine3_max,-0.16815576
d_heading_2_rad_s_min,-0.19070175
missingindicator_d_heading_1_rad_s_mean,-0.206732
missingindicator_d_heading_1_rad_s_min,-0.206732
missingindicator_d_heading_1_rad_s_max,-0.206732
dist_nose1_tailtip2_px_max,-0.21357618
bearing_1_rad_sin_mean,-0.22917248
missingindicator_d_orbital_rad_s_mean,-0.2388539
missingindicator_d_orbital_rad_s_min,-0.2388539
missingindicator_d_orbital_rad_s_max,-0.2388539
Spine2_max,-0.2418482
d_heading_2_rad_s_max,-0.25897196
bearing_2_rad_sin_max,-0.26078954
Head_max_trailing30,-0.28205338
LeftEye_max,-0.30907255
d_orbital_rad_s_min,-0.3239785
missingindicator_bend_mean,-0.3256878
missingindicator_bend_max,-0.3256878
rel_heading_rad_sin_max,-0.4189867
d_heading_1_rad_s_mean,-0.45417708
Peduncle_mean,-0.4796681
Spine1_max,-0.5413155
turn_mean_trailing30,-0.5739067
bearing_1_rad_cos_min,-0.6308216
dist_nose2_tailtip1_px_min,-0.64664817
LeftEye_max_trailing30,-0.6778702
dist_nose2_tailtip1_px_mean,-0.68227226
Head_mean_trailing30,-0.69320774
rel_heading_rad_sin_min,-0.7299349
dist_nose1_tailtip2_px_mean,-0.7643531
centroid_distance_px_mean,-0.78779244
RightEye_mean,-0.80518496
RightEye_mean_trailing30,-0.83013725
RightEye_max_trailing30,-0.8331525
dist_nose2_spine4of1_px_mean,-0.8444123
Spine3_max_trailing30,-0.8748886
rel_heading_rad_cos_mean,-0.97861904
bearing_2_rad_sin_mean,-0.990617
Spine3_mean_trailing30,-0.9986653
Spine1_mean_trailing30,-1.0456951
dist_nose2_spine4of1_px_max,-1.0664215
dist_nose1_spine4of2_px_mean,-1.1281953
pair_count,-1.3504838
LeftEye_mean_trailing30,-1.4487373
orbital_rad_sin_mean,-1.5327744
dist_nose2_spine4of1_px_min,-1.6010522
dist_nose1_tailtip2_px_min,-1.7010052
bend_mean_trailing30,-1.777106
dist_nose1_spine4of2_px_min,-1.8940835
