Video ID,Event ID,Start Frame,End Frame,Start Time,End Time,Behavior,Fish IDs,Confidence / Notes,span,duration_seconds,positive_frames,frame_count,positive_fraction
0028_vid,0028_vid-0334598-0334835,334658,334835,03:05:53.267,03:06:01.200,Predicted circling,"19985, 20025, 20044, 20048, 20051, 20060, 20061, 20062, 20063, 20065, 20068",90.3% positive frames; fish involvement unverified,1,7.933333333333334,215,238,0.9033613445378151
0028_vid,0028_vid-0350997-0351254,350997,351254,03:14:59.900,03:15:08.500,Predicted circling,"20561, 20565, 20571, 20579, 20586, 20588",90.3% positive frames; fish involvement unverified,2,8.6,233,258,0.9031007751937985
0028_vid,0028_vid-0351450-0352006,351450,352006,03:15:15.000,03:15:33.567,Predicted circling,"20561, 20605, 20606, 20611, 20614, 20616, 20617, 20618, 20621, 20624, 20627, 20629, 20633, 20645, 20646, 20650, 20656, 20659, 20661, 20663, 20670, 20671, 20673, 20678, 20681, 20684",91.9% positive frames; fish involvement unverified,3,18.566666666666666,512,557,0.9192100538599641
0028_vid,0028_vid-0368382-0368743,368382,368743,03:24:39.400,03:24:51.467,Predicted circling,"21358, 21383, 21408, 21414, 21418, 21420, 21427, 21428, 21434",90.1% positive frames; fish involvement unverified,4,12.066666666666666,326,362,0.9005524861878453
0028_vid,0028_vid-0368842-0369300,368842,369300,03:24:54.733,03:25:10.033,Predicted circling,"21358, 21383, 21445, 21447, 21452, 21459, 21471, 21473, 21478, 21484, 21488, 21490, 21491",90.4% positive frames; fish involvement unverified,5,15.3,415,459,0.9041394335511983
0028_vid,0028_vid-0370015-0370412,370015,370412,03:25:33.833,03:25:47.100,Predicted circling,"21383, 21504, 21570, 21575, 21578, 21587, 21592, 21601, 21603, 21616",90.2% positive frames; fish involvement unverified,6,13.266666666666667,359,398,0.9020100502512562
0028_vid,0028_vid-0380203-0380439,380203,380439,03:31:13.433,03:31:21.333,Predicted circling,"21959, 21963, 21977, 21987, 21990, 21991, 21999, 22002, 22003, 22008",90.3% positive frames; fish involvement unverified,7,7.9,214,237,0.9029535864978903
0028_vid,0028_vid-0380655-0381085,380655,381085,03:31:28.500,03:31:42.867,Predicted circling,"21959, 22018, 22025, 22029, 22039, 22041, 22044, 22049, 22050, 22052, 22053, 22059, 22062, 22065, 22066, 22067, 22068, 22069, 22070",90.0% positive frames; fish involvement unverified,8,14.366666666666667,388,431,0.9002320185614849
0028_vid,0028_vid-0382440-0382677,382440,382677,03:32:28.000,03:32:35.933,Predicted circling,"22062, 22163, 22173, 22177, 22179, 22183, 22188, 22195, 22199, 22207, 22213",90.3% positive frames; fish involvement unverified,9,7.933333333333334,215,238,0.9033613445378151
0028_vid,0028_vid-0383099-0383335,383099,383335,03:32:49.967,03:32:57.867,Predicted circling,"22062, 22245, 22257, 22262, 22265, 22268, 22271, 22279, 22282",90.3% positive frames; fish involvement unverified,10,7.9,214,237,0.9029535864978903
0028_vid,0028_vid-0383403-0384060,383403,384060,03:33:00.100,03:33:22.033,Predicted circling,"22062, 22245, 22289, 22293, 22302, 22305, 22306, 22311, 22314, 22319, 22322, 22324, 22326, 22330, 22339, 22342, 22343, 22356, 22359, 22360, 22364, 22368",92.7% positive frames; fish involvement unverified,11,21.933333333333334,610,658,0.9270516717325228
0028_vid,0028_vid-0392369-0392839,392369,392839,03:37:58.967,03:38:14.667,Predicted circling,"22627, 22709, 22742, 22744, 22746, 22749, 22755, 22761, 22762, 22763, 22768, 22774, 22787, 22794",90.7% positive frames; fish involvement unverified,12,15.7,427,471,0.9065817409766455
0028_vid,0028_vid-0392975-0393258,392975,393258,03:38:19.167,03:38:28.633,Predicted circling,"22627, 22709, 22812, 22816, 22825, 22826, 22836, 22843, 22846",90.1% positive frames; fish involvement unverified,13,9.466666666666667,256,284,0.9014084507042254
0028_vid,0028_vid-0393303-0393902,393303,393902,03:38:30.100,03:38:50.100,Predicted circling,"22627, 22709, 22868, 22874, 22876, 22880, 22881, 22885, 22888, 22895, 22897, 22903, 22906, 22908, 22915, 22918, 22921, 22923",92.7% positive frames; fish involvement unverified,14,20.0,556,600,0.9266666666666666
0028_vid,0028_vid-0394321-0394852,394321,394852,03:39:04.033,03:39:21.767,Predicted circling,"22627, 22934, 22947, 22951, 22954, 22956, 22963, 22967, 22975, 22977, 22981, 22984, 22988, 22992, 22993, 22996, 23003, 23004",90.0% positive frames; fish involvement unverified,15,17.733333333333334,479,532,0.900375939849624
0028_vid,0028_vid-0395143-0395606,395143,395606,03:39:31.433,03:39:46.900,Predicted circling,"22627, 22934, 23018, 23025, 23026, 23027, 23029, 23037, 23038, 23041, 23047, 23049, 23057, 23058, 23061, 23065, 23067, 23072",90.5% positive frames; fish involvement unverified,16,15.466666666666667,420,464,0.9051724137931034
0028_vid,0028_vid-0395728-0396235,395728,396235,03:39:50.933,03:40:07.867,Predicted circling,"22627, 22934, 23082, 23095, 23096, 23097, 23103, 23107, 23111, 23112, 23116, 23119, 23124, 23127, 23132, 23141",91.3% positive frames; fish involvement unverified,17,16.933333333333334,464,508,0.9133858267716536
0028_vid,0028_vid-0407887-0408316,407887,408316,03:46:36.233,03:46:50.567,Predicted circling,"23589, 23650, 23669, 23675, 23678, 23679, 23681, 23682, 23686, 23687, 23691, 23693, 23694, 23698",90.0% positive frames; fish involvement unverified,18,14.333333333333334,387,430,0.9
0028_vid,0028_vid-0420411-0420660,420411,420660,03:53:33.700,03:53:42.033,Predicted circling,"24155, 24157, 24207, 24209, 24213, 24215, 24223, 24226",90.0% positive frames; fish involvement unverified,19,8.333333333333334,225,250,0.9
0028_vid,0028_vid-0421053-0421477,421053,421477,03:53:55.100,03:54:09.267,Predicted circling,"24223, 24269, 24273, 24275, 24280, 24281, 24283, 24288, 24291, 24302, 24305, 24313",90.1% positive frames; fish involvement unverified,20,14.166666666666666,383,425,0.9011764705882352
0028_vid,0028_vid-0422612-0422923,422612,422923,03:54:47.067,03:54:57.467,Predicted circling,"24302, 24367, 24400, 24403",90.1% positive frames; fish involvement unverified,21,10.4,281,312,0.9006410256410257
0028_vid,0028_vid-0423362-0423666,423362,423666,03:55:12.067,03:55:22.233,Predicted circling,"24302, 24425, 24427, 24438, 24439, 24444, 24452, 24455, 24460, 24462",90.2% positive frames; fish involvement unverified,22,10.166666666666666,275,305,0.9016393442622951
0028_vid,0028_vid-0423987-0424238,423987,424238,03:55:32.900,03:55:41.300,Predicted circling,"24302, 24469, 24472, 24477, 24480, 24481, 24482, 24484, 24487",90.1% positive frames; fish involvement unverified,23,8.4,227,252,0.9007936507936508
0028_vid,0028_vid-0425312-0425764,425312,425764,03:56:17.067,03:56:32.167,Predicted circling,"24302, 24529, 24554, 24560, 24565, 24566, 24569, 24574, 24578, 24588, 24590, 24602, 24603, 24607, 24608, 24609, 24611, 24612",90.3% positive frames; fish involvement unverified,24,15.1,409,453,0.9028697571743929
0028_vid,0028_vid-0426756-0427192,426756,427192,03:57:05.200,03:57:19.767,Predicted circling,"24650, 24656, 24657, 24663, 24669, 24674, 24685, 24698, 24699, 24704",90.2% positive frames; fish involvement unverified,25,14.566666666666666,394,437,0.9016018306636155
0028_vid,0028_vid-0428202-0428461,428202,428461,03:57:53.400,03:58:02.067,Predicted circling,"24650, 24726, 24765, 24774, 24782, 24783, 24785, 24801",90.0% positive frames; fish involvement unverified,26,8.666666666666666,234,260,0.9
0028_vid,0028_vid-0429218-0429550,429218,429550,03:58:27.267,03:58:38.367,Predicted circling,"24650, 24822, 24830, 24839, 24842, 24844, 24849, 24856, 24859",90.1% positive frames; fish involvement unverified,27,11.1,300,333,0.9009009009009009
0028_vid,0028_vid-0431617-0432266,431617,432266,03:59:47.233,04:00:08.900,Predicted circling,"25007, 25020, 25025, 25033, 25036, 25037, 25041, 25045, 25051, 25055, 25059, 25060, 25072, 25079, 25080, 25083, 25084, 25088, 25091, 25092, 25095, 25097, 25098, 25111",90.9% positive frames; fish involvement unverified,28,21.666666666666668,591,650,0.9092307692307692
0028_vid,0028_vid-0432744-0433080,432744,433080,04:00:24.800,04:00:36.033,Predicted circling,"25007, 25112, 25140, 25149, 25156, 25161, 25165, 25166, 25167, 25169, 25170",90.2% positive frames; fish involvement unverified,29,11.233333333333333,304,337,0.9020771513353115
0028_vid,0028_vid-0434945-0435529,434945,435529,04:01:38.167,04:01:57.667,Predicted circling,"25112, 25255, 25276, 25283, 25298, 25299, 25307, 25310, 25321, 25324, 25325, 25331, 25335, 25339, 25345, 25349, 25350",92.0% positive frames; fish involvement unverified,30,19.5,538,585,0.9196581196581196
0028_vid,0028_vid-0436604-0436969,436604,436969,04:02:33.467,04:02:45.667,Predicted circling,"25112, 25379, 25408, 25418, 25422, 25427, 25429, 25431, 25439, 25441, 25442",90.2% positive frames; fish involvement unverified,31,12.2,330,366,0.9016393442622951
0028_vid,0028_vid-0437168-0437453,437168,437453,04:02:52.267,04:03:01.800,Predicted circling,"25379, 25422, 25454, 25461, 25468, 25470, 25471, 25472, 25475, 25480, 25481, 25482, 25484",90.2% positive frames; fish involvement unverified,32,9.533333333333333,258,286,0.9020979020979021
0028_vid,0028_vid-0439415-0440128,439415,440128,04:04:07.167,04:04:30.967,Predicted circling,"25422, 25527, 25582, 25584, 25587, 25593, 25599, 25610, 25623, 25633, 25634, 25642, 25645, 25646, 25654, 25657, 25659, 25663, 25667, 25669",93.3% positive frames; fish involvement unverified,33,23.8,666,714,0.9327731092436975
0028_vid,0028_vid-0441570-0442381,441570,442381,04:05:19.000,04:05:46.067,Predicted circling,"25422, 25527, 25746, 25751, 25752, 25757, 25760, 25762, 25768, 25772, 25782, 25788, 25794, 25796, 25798, 25800",92.1% positive frames; fish involvement unverified,34,27.066666666666666,748,812,0.9211822660098522
0028_vid,0028_vid-0448891-0449487,448891,449487,04:09:23.033,04:09:42.933,Predicted circling,"26065, 26114, 26139, 26142, 26150, 26157, 26165, 26168, 26169, 26171, 26172, 26173, 26175, 26183, 26185, 26192, 26193, 26202, 26215",91.0% positive frames; fish involvement unverified,35,19.9,543,597,0.9095477386934674
0028_vid,0028_vid-0450812-0451235,450812,451235,04:10:27.067,04:10:41.200,Predicted circling,"26257, 26298, 26308, 26319, 26331, 26335, 26348",90.1% positive frames; fish involvement unverified,36,14.133333333333333,382,424,0.9009433962264151
0028_vid,0028_vid-0462451-0462770,462451,462770,04:16:55.033,04:17:05.700,Predicted circling,"26685, 26721, 26736, 26742, 26751, 26755, 26758",90.0% positive frames; fish involvement unverified,37,10.666666666666666,288,320,0.9
0028_vid,0028_vid-0465752-0466075,465752,466075,04:18:45.067,04:18:55.867,Predicted circling,"26685, 26841, 26929, 26937, 26955, 26964",90.1% positive frames; fish involvement unverified,38,10.8,292,324,0.9012345679012346
0028_vid,0028_vid-0466282-0466652,466282,466652,04:19:02.733,04:19:15.100,Predicted circling,"26685, 26841, 26980, 26993, 26999, 27007",90.0% positive frames; fish involvement unverified,39,12.366666666666667,334,371,0.9002695417789758
0028_vid,0028_vid-0466965-0467972,466965,467972,04:19:25.500,04:19:59.100,Predicted circling,"26685, 26841, 27016, 27017, 27023, 27032, 27033, 27044, 27051, 27053, 27059, 27062, 27063, 27065, 27066, 27068, 27069, 27070, 27071, 27076, 27079, 27086, 27094, 27098, 27099, 27100, 27103",91.6% positive frames; fish involvement unverified,40,33.6,923,1008,0.9156746031746031
0028_vid,0028_vid-0477527-0477990,477527,477990,04:25:17.567,04:25:33.033,Predicted circling,"27527, 27588, 27615, 27630, 27632, 27634, 27638, 27639, 27641, 27648",90.5% positive frames; fish involvement unverified,41,15.466666666666667,420,464,0.9051724137931034
0028_vid,0028_vid-0478168-0478841,478168,478841,04:25:38.933,04:26:01.400,Predicted circling,"27588, 27634, 27665, 27669, 27674, 27679, 27684, 27686, 27689, 27695, 27699, 27706, 27712, 27713, 27721, 27723, 27727, 27732, 27736, 27741",92.4% positive frames; fish involvement unverified,42,22.466666666666665,623,674,0.9243323442136498
0028_vid,0028_vid-0489251-0489893,489251,489893,04:31:48.367,04:32:09.800,Predicted circling,"28055, 28135, 28274, 28276, 28282, 28288, 28291, 28292, 28293, 28299, 28300, 28304, 28306, 28307, 28313, 28317, 28318, 28327, 28336, 28337, 28339, 28341, 28347",91.6% positive frames; fish involvement unverified,43,21.433333333333334,589,643,0.9160186625194401
0028_vid,0028_vid-0490336-0490613,490336,490613,04:32:24.533,04:32:33.800,Predicted circling,"28341, 28374, 28378, 28379, 28383, 28385, 28389, 28393, 28396",90.3% positive frames; fish involvement unverified,44,9.266666666666667,251,278,0.9028776978417267
0028_vid,0028_vid-0491246-0491719,491246,491719,04:32:54.867,04:33:10.667,Predicted circling,"28374, 28400, 28446, 28454, 28460, 28464, 28465, 28467, 28477, 28479, 28483, 28484",90.5% positive frames; fish involvement unverified,45,15.8,429,474,0.9050632911392406
0028_vid,0028_vid-0504008-0504704,504008,504704,04:40:00.267,04:40:23.500,Predicted circling,"28951, 29033, 29111, 29116, 29131, 29138, 29143, 29147, 29148, 29151, 29161, 29166, 29170, 29175, 29177",93.7% positive frames; fish involvement unverified,46,23.233333333333334,653,697,0.9368723098995696
0028_vid,0028_vid-0505058-0505779,505058,505779,04:40:35.267,04:40:59.333,Predicted circling,"29033, 29203, 29212, 29216, 29221, 29223, 29233, 29236, 29247, 29251, 29252, 29255, 29257, 29262, 29265, 29268, 29273, 29281, 29282",93.8% positive frames; fish involvement unverified,47,24.066666666666666,677,722,0.9376731301939059
0028_vid,0028_vid-0509824-0510311,509824,510311,04:43:14.133,04:43:30.400,Predicted circling,"29233, 29409, 29453, 29463, 29464, 29470, 29475, 29476, 29477, 29479, 29481, 29483, 29486, 29488, 29491, 29492, 29499",91.0% positive frames; fish involvement unverified,48,16.266666666666666,444,488,0.9098360655737705
0028_vid,0028_vid-0510392-0510838,510392,510838,04:43:33.067,04:43:47.967,Predicted circling,"29481, 29491, 29502, 29513, 29522, 29525, 29530, 29537, 29545",90.2% positive frames; fish involvement unverified,49,14.9,403,447,0.901565995525727
0028_vid,0028_vid-0511141-0511674,511141,511674,04:43:58.033,04:44:15.833,Predicted circling,"29481, 29491, 29561, 29562, 29573, 29576, 29580, 29584, 29587, 29601, 29606, 29621, 29629, 29631, 29635",91.8% positive frames; fish involvement unverified,50,17.8,490,534,0.9176029962546817
0028_vid,0028_vid-0515688-0516434,515688,516434,04:46:29.600,04:46:54.500,Predicted circling,"29741, 29779, 29815, 29822, 29826, 29830, 29838, 29841, 29846, 29851, 29859, 29861, 29862, 29872, 29874, 29878, 29886, 29890, 29895, 29896",93.2% positive frames; fish involvement unverified,51,24.9,696,747,0.9317269076305221
0028_vid,0028_vid-0520287-0520568,520287,520568,04:49:02.900,04:49:12.300,Predicted circling,"29859, 30016, 30086, 30090, 30094, 30098, 30101, 30105, 30107",90.1% positive frames; fish involvement unverified,52,9.4,254,282,0.900709219858156
0028_vid,0028_vid-0520951-0521542,520951,521542,04:49:25.033,04:49:44.767,Predicted circling,"29859, 30131, 30136, 30137, 30139, 30141, 30144, 30148, 30151, 30157, 30160, 30164, 30167, 30170, 30173",92.4% positive frames; fish involvement unverified,53,19.733333333333334,547,592,0.9239864864864865
0028_vid,0028_vid-0525622-0526540,525622,526540,04:52:00.733,04:52:31.367,Predicted circling,"29859, 30368, 30390, 30391, 30393, 30396, 30398, 30407, 30408, 30411, 30416, 30422, 30425, 30426, 30435, 30437, 30440, 30442, 30443, 30445, 30449, 30451, 30453, 30454, 30456, 30457, 30459, 30464, 30471, 30476, 30480, 30482, 30485, 30490, 30499, 30503, 30506, 30507",93.0% positive frames; fish involvement unverified,54,30.633333333333333,855,919,0.9303590859630033
0028_vid,0028_vid-0535956-0536348,535956,536348,04:57:45.200,04:57:58.300,Predicted circling,"31089, 31118, 31131, 31134, 31138, 31139, 31141, 31143, 31144, 31148, 31151, 31153, 31154, 31158",90.1% positive frames; fish involvement unverified,55,13.1,354,393,0.9007633587786259
0028_vid,0028_vid-0536411-0536714,536411,536714,04:58:00.367,04:58:10.500,Predicted circling,"31089, 31118, 31173, 31179, 31182, 31183, 31186, 31188, 31198, 31199, 31200, 31203, 31216, 31220",90.1% positive frames; fish involvement unverified,56,10.133333333333333,274,304,0.9013157894736842
0028_vid,0028_vid-0545312-0545846,545312,545846,05:02:57.067,05:03:14.900,Predicted circling,"31595, 31600, 31608, 31614, 31626, 31627, 31635, 31636, 31638, 31648, 31653, 31655, 31661, 31665, 31668, 31672, 31674",91.8% positive frames; fish involvement unverified,57,17.833333333333332,491,535,0.9177570093457944
0028_vid,0028_vid-0547713-0548136,547713,548136,05:04:17.100,05:04:31.233,Predicted circling,"31729, 31730, 31737, 31740",90.1% positive frames; fish involvement unverified,58,14.133333333333333,382,424,0.9009433962264151
0028_vid,0028_vid-0562473-0562897,562473,562897,05:12:29.100,05:12:43.267,Predicted circling,"32412, 32419, 32433, 32437, 32441, 32454, 32455, 32459, 32460, 32461, 32465, 32466",90.1% positive frames; fish involvement unverified,59,14.166666666666666,383,425,0.9011764705882352
0028_vid,0028_vid-0712985-0713342,712985,713342,06:36:06.167,06:36:18.100,Predicted circling,"40154, 40185, 40188, 40192, 40199, 40209, 40214, 40215, 40216, 40217",90.2% positive frames; fish involvement unverified,60,11.933333333333334,323,358,0.9022346368715084
