Video ID,Merge ID,Start Frame,End Frame,Verified,Start Time,End Time,Source,Rule IDs,Predicted Event IDs
0031_vid,0031_vid-0001,98132,98362,,00:54:31.067,00:54:38.767,rule-based,0031-0001,
0031_vid,0031_vid-0002,98648,98714,,00:54:48.267,00:54:50.500,rule-based,0031-0002,
0031_vid,0031_vid-0003,98918,99205,,00:54:57.267,00:55:06.867,rule-based,0031-0003,
0031_vid,0031_vid-0004,104742,104804,,00:58:11.400,00:58:13.500,rule-based,0031-0004,
0031_vid,0031_vid-0005,119766,120708,,01:06:32.200,01:07:03.633,both,0031-0005,0031_vid-0119766-0120708
0031_vid,0031_vid-0006,121418,121795,,01:07:27.267,01:07:39.867,both,0031-0006,0031_vid-0121418-0121795
0031_vid,0031_vid-0007,122637,125284,,01:08:07.900,01:09:36.167,both,0031-0007,0031_vid-0122637-0125284
0031_vid,0031_vid-0008,129112,129403,,01:11:43.733,01:11:53.467,predicted,,0031_vid-0129112-0129403
0031_vid,0031_vid-0009,130018,130295,,01:12:13.933,01:12:23.200,rule-based,0031-0008,
0031_vid,0031_vid-0010,138159,138774,,01:16:45.300,01:17:05.833,both,0031-0009,0031_vid-0138161-0138774
0031_vid,0031_vid-0011,139146,139491,,01:17:18.200,01:17:29.733,both,0031-0010,0031_vid-0139146-0139491
0031_vid,0031_vid-0012,151880,152183,,01:24:22.667,01:24:32.800,predicted,,0031_vid-0151880-0152183
0031_vid,0031_vid-0013,172355,172584,,01:35:45.167,01:35:52.833,predicted,,0031_vid-0172355-0172584
0031_vid,0031_vid-0014,178739,179244,,01:39:17.967,01:39:34.833,both,0031-0011,0031_vid-0178739-0179244
0031_vid,0031_vid-0015,180576,181690,,01:40:19.200,01:40:56.367,both,0031-0012,0031_vid-0180576-0181690
0031_vid,0031_vid-0016,183761,185516,,01:42:05.367,01:43:03.900,both,0031-0013,0031_vid-0183761-0185516
0031_vid,0031_vid-0017,189049,189746,,01:45:01.633,01:45:24.900,both,0031-0014,"0031_vid-0189049-0189275, 0031_vid-0189277-0189746"
0031_vid,0031_vid-0018,191857,192129,,01:46:35.233,01:46:44.333,predicted,,0031_vid-0191857-0192129
0031_vid,0031_vid-0019,210496,210641,,01:56:56.533,01:57:01.400,rule-based,0031-0015,
0031_vid,0031_vid-0020,212744,213004,,01:58:11.467,01:58:20.167,both,0031-0016,0031_vid-0212744-0212980
0031_vid,0031_vid-0021,213123,213455,,01:58:24.100,01:58:35.200,predicted,,0031_vid-0213123-0213455
0031_vid,0031_vid-0022,214343,215165,,01:59:04.767,01:59:32.200,both,0031-0017,0031_vid-0214343-0215165
0031_vid,0031_vid-0023,216987,217110,,02:00:32.900,02:00:37.033,rule-based,0031-0018,
0031_vid,0031_vid-0024,218927,220012,,02:01:37.567,02:02:13.767,both,0031-0019,0031_vid-0218927-0220012
0031_vid,0031_vid-0025,246801,247572,,02:17:06.700,02:17:32.433,both,0031-0020,0031_vid-0246801-0247572
0031_vid,0031_vid-0026,247640,248868,,02:17:34.667,02:18:15.633,both,0031-0021,0031_vid-0247640-0248868
0031_vid,0031_vid-0027,255360,256136,,02:21:52.000,02:22:17.900,both,"0031-0022, 0031-0023",0031_vid-0255360-0255843
0031_vid,0031_vid-0028,262807,263236,,02:26:00.233,02:26:14.567,both,0031-0024,0031_vid-0262807-0263236
0031_vid,0031_vid-0029,263388,263687,,02:26:19.600,02:26:29.600,both,0031-0025,0031_vid-0263388-0263687
0031_vid,0031_vid-0030,263837,263931,,02:26:34.567,02:26:37.733,rule-based,0031-0026,
0031_vid,0031_vid-0031,264633,265114,,02:27:01.100,02:27:17.167,both,0031-0027,0031_vid-0264633-0265114
0031_vid,0031_vid-0032,265490,266269,,02:27:29.667,02:27:55.667,both,"0031-0028, 0031-0029",0031_vid-0265490-0266269
0031_vid,0031_vid-0033,266751,267123,,02:28:11.700,02:28:24.133,both,"0031-0030, 0031-0031",0031_vid-0266751-0267123
0031_vid,0031_vid-0034,267200,267868,,02:28:26.667,02:28:48.967,both,"0031-0032, 0031-0033",0031_vid-0267200-0267868
0031_vid,0031_vid-0035,269028,271849,,02:29:27.600,02:31:01.667,both,"0031-0034, 0031-0035",0031_vid-0269028-0271849
0031_vid,0031_vid-0036,272241,273053,,02:31:14.700,02:31:41.800,both,"0031-0036, 0031-0037",0031_vid-0272391-0273053
0031_vid,0031_vid-0037,273522,274810,,02:31:57.400,02:32:40.367,both,"0031-0038, 0031-0039",0031_vid-0273522-0274810
0031_vid,0031_vid-0038,275040,275190,,02:32:48.000,02:32:53.033,rule-based,"0031-0040, 0031-0041",
0031_vid,0031_vid-0039,276439,276533,,02:33:34.633,02:33:37.800,rule-based,"0031-0042, 0031-0043",
0031_vid,0031_vid-0040,276785,276899,,02:33:46.167,02:33:50.000,rule-based,0031-0044,
0031_vid,0031_vid-0041,277630,278798,,02:34:14.333,02:34:53.300,both,0031-0045,0031_vid-0277630-0278798
0031_vid,0031_vid-0042,284308,285248,,02:37:56.933,02:38:28.300,both,0031-0046,0031_vid-0284308-0285248
0031_vid,0031_vid-0043,285910,286492,,02:38:50.333,02:39:09.767,both,0031-0047,0031_vid-0285910-0286492
0031_vid,0031_vid-0044,287427,287549,,02:39:40.900,02:39:45.000,rule-based,0031-0048,
0031_vid,0031_vid-0045,290334,291967,,02:41:17.800,02:42:12.267,both,0031-0049,0031_vid-0290334-0291967
0031_vid,0031_vid-0046,297324,297867,,02:45:10.800,02:45:28.933,both,0031-0050,0031_vid-0297324-0297865
0031_vid,0031_vid-0047,298307,298662,,02:45:43.567,02:45:55.433,both,0031-0051,0031_vid-0298307-0298662
0031_vid,0031_vid-0048,299030,299342,,02:46:07.667,02:46:18.100,both,0031-0052,0031_vid-0299030-0299261
0031_vid,0031_vid-0049,300814,301485,,02:47:07.133,02:47:29.533,both,0031-0053,0031_vid-0300918-0301485
0031_vid,0031_vid-0050,302548,303488,,02:48:04.933,02:48:36.300,both,0031-0054,0031_vid-0302549-0303488
0031_vid,0031_vid-0051,310706,310821,,02:52:36.867,02:52:40.733,rule-based,0031-0055,
0031_vid,0031_vid-0052,311191,311277,,02:52:53.033,02:52:55.933,rule-based,0031-0056,
0031_vid,0031_vid-0053,311585,311864,,02:53:06.167,02:53:15.500,both,0031-0057,0031_vid-0311585-0311864
0031_vid,0031_vid-0054,312327,312678,,02:53:30.900,02:53:42.633,both,0031-0058,0031_vid-0312327-0312678
0031_vid,0031_vid-0055,312817,313312,,02:53:47.233,02:54:03.767,both,0031-0059,0031_vid-0312817-0313237
0031_vid,0031_vid-0056,314375,314830,,02:54:39.167,02:54:54.367,both,0031-0060,0031_vid-0314375-0314817
0031_vid,0031_vid-0057,315431,316125,,02:55:14.367,02:55:37.533,both,0031-0061,0031_vid-0315431-0316125
0031_vid,0031_vid-0058,316941,317079,,02:56:04.700,02:56:09.333,rule-based,0031-0062,
0031_vid,0031_vid-0059,317259,317485,,02:56:15.300,02:56:22.867,both,0031-0063,0031_vid-0317259-0317485
0031_vid,0031_vid-0060,317885,318607,,02:56:36.167,02:57:00.267,both,0031-0064,0031_vid-0317885-0318607
0031_vid,0031_vid-0061,319319,320672,,02:57:23.967,02:58:09.100,both,0031-0065,0031_vid-0319319-0320672
0031_vid,0031_vid-0062,323003,323274,,02:59:26.767,02:59:35.833,both,0031-0066,0031_vid-0323003-0323274
0031_vid,0031_vid-0063,323989,325460,,02:59:59.633,03:00:48.700,both,0031-0067,0031_vid-0323989-0325460
0031_vid,0031_vid-0064,330419,330554,,03:03:33.967,03:03:38.500,rule-based,0031-0068,
0031_vid,0031_vid-0065,336715,337898,,03:07:03.833,03:07:43.300,both,0031-0069,0031_vid-0336715-0337898
0031_vid,0031_vid-0066,338173,338253,,03:07:52.433,03:07:55.133,rule-based,0031-0070,
0031_vid,0031_vid-0067,344552,344809,,03:11:25.067,03:11:33.667,predicted,,0031_vid-0344552-0344809
0031_vid,0031_vid-0068,345177,345444,,03:11:45.900,03:11:54.833,predicted,,0031_vid-0345177-0345444
0031_vid,0031_vid-0069,346587,346840,,03:12:32.900,03:12:41.367,predicted,,0031_vid-0346587-0346840
0031_vid,0031_vid-0070,348063,348458,,03:13:22.100,03:13:35.300,predicted,,0031_vid-0348063-0348458
